"Time (s)","Acceleration x (m/s^2)","Acceleration y (m/s^2)","Acceleration z (m/s^2)","Absolute acceleration (m/s^2)"
3.992083366E-4,-2.171983337E-1,-2.709365845E-1,9.643845520E0,9.650095241E0
1.046720834E-2,-4.430786133E-2,-3.510200500E-1,9.726473694E0,9.732906492E0
2.053520831E-2,1.107696533E-2,-3.519181824E-1,9.781858521E0,9.788193154E0
3.060320832E-2,-1.796264648E-2,-3.207829285E-1,9.810000000E0,9.815259770E0
4.067120832E-2,-1.378633118E-1,-3.339555359E-1,9.955796814E0,9.962350265E0
5.073920832E-2,-2.200424194E-1,-3.763174438E-1,1.018676651E1,1.019608971E1
6.080720833E-2,-3.001258850E-1,-2.396516418E-1,1.041608963E1,1.042316802E1
7.087520833E-2,-3.826043701E-1,-2.140548706E-2,1.041893372E1,1.042597833E1
8.094320833E-2,-3.677851868E-1,1.197509766E-1,1.023721161E1,1.024451598E1
9.101120834E-2,-3.558100891E-1,5.194198608E-2,9.980046387E0,9.986522151E0
1.010792083E-1,-3.171903992E-1,-2.942880249E-1,9.730515289E0,9.740130543E0
1.111472083E-1,-3.091072083E-1,-5.264552307E-1,9.783205719E0,9.802235282E0
1.212152083E-1,-2.893482971E-1,-2.944377136E-1,9.851763153E0,9.860408370E0
1.312832083E-1,-2.248324585E-1,-1.886077881E-2,9.794881439E0,9.797479664E0
1.413512083E-1,-1.489402771E-1,-4.026626587E-2,9.749974823E0,9.751195497E0
1.514192083E-1,-1.067280579E-1,-2.210902405E-1,9.800120544E0,9.803195115E0
1.614872083E-1,-8.921447754E-2,-2.592608643E-1,9.810000000E0,9.813830823E0
1.715552083E-1,-1.182540894E-1,-1.077758789E-1,9.806557159E0,9.807862305E0
1.816232083E-1,-1.877096558E-1,3.487747192E-2,9.733509064E0,9.735381351E0
1.916912083E-1,-1.308279419E-1,-8.681945801E-2,9.629325714E0,9.630605759E0
2.017592083E-1,5.089416504E-3,-3.089575195E-1,9.633816376E0,9.638770597E0
2.118272083E-1,8.981323242E-3,-3.296145630E-1,9.619745636E0,9.625395188E0
2.218952083E-1,-9.355545044E-2,-1.782792664E-1,9.615105286E0,9.617212994E0
2.319632083E-1,-1.698966980E-1,-8.068222046E-2,9.723180542E0,9.724999453E0
2.420312083E-1,-1.920506287E-1,-8.427474976E-2,9.855954437E0,9.858185611E0
2.520992083E-1,-1.480421448E-1,-1.202000427E-1,9.918075256E0,9.919908332E0
2.621672083E-1,-7.514373779E-2,-1.595681763E-1,9.928254089E0,9.929820635E0
2.722352083E-1,-4.460723877E-2,-2.038760376E-1,9.844877472E0,9.847089300E0
2.823032083E-1,-4.535568237E-2,-2.380050659E-1,9.754166107E0,9.757174796E0
2.923712083E-1,-1.077758789E-1,-2.894979858E-1,9.845925293E0,9.850770000E0
3.024392083E-1,-1.408570862E-1,-2.374063110E-1,9.970166931E0,9.973987724E0
3.125072083E-1,-1.487905884E-1,-1.365161133E-1,9.966424713E0,9.968470136E0
3.225752083E-1,-1.300794983E-1,-1.140628052E-1,9.967622223E0,9.969123521E0
3.326432083E-1,-1.019380188E-1,-2.134561157E-1,1.001267853E1,1.001547234E1
3.427112083E-1,-7.589218140E-2,-2.953358459E-1,1.009964767E1,1.010424990E1
3.527792083E-1,-9.086105347E-2,-2.324665833E-1,1.012150223E1,1.012457919E1
3.628472083E-1,-1.199006653E-1,-2.068698120E-1,1.007524841E1,1.007808523E1
3.729152083E-1,-1.496887207E-1,-2.228865051E-1,1.012015503E1,1.012371587E1
3.829832083E-1,-2.448907471E-1,-2.338137817E-1,1.013706985E1,1.014272279E1
3.930512083E-1,-2.324665833E-1,-2.212399292E-1,1.006596771E1,1.007108206E1
4.031192083E-1,-1.787283325E-1,-2.002835083E-1,1.005773483E1,1.006131638E1
4.131872083E-1,-1.809736633E-1,-1.630110168E-1,1.007060806E1,1.007355304E1
4.232552083E-1,-2.198927307E-1,-2.330653381E-1,1.006866211E1,1.007375942E1
4.333232083E-1,-2.701881409E-1,-2.095642090E-1,9.904752960E0,9.910653358E0
4.433912083E-1,-2.492317200E-1,-2.091151428E-1,9.909992065E0,9.915330974E0
4.534592083E-1,-2.448907471E-1,-2.182461548E-1,9.936936035E0,9.942348849E0
4.635272083E-1,-2.719844055E-1,-1.845661926E-1,9.962532806E0,9.967953657E0
4.735962083E-1,-2.794688416E-1,-1.731898499E-1,9.998308411E0,1.000371274E1
4.836642083E-1,-2.833607483E-1,-1.763333130E-1,1.000444565E1,1.001001096E1
4.937322083E-1,-2.246827698E-1,-1.610650635E-1,9.969568176E0,9.973400319E0
5.038002083E-1,-1.654060364E-1,-1.128652954E-1,9.958640900E0,9.960653909E0
5.138682083E-1,-1.338217163E-1,-1.237925720E-1,9.911788330E0,9.913464619E0
5.239362083E-1,-1.763333130E-1,-1.787283325E-1,9.873917084E0,9.877108678E0
5.340042083E-1,-2.231858826E-1,-1.935475159E-1,9.887838135E0,9.892250278E0
5.440722083E-1,-2.282752991E-1,-1.820214844E-1,9.849667511E0,9.853993683E0
5.541402083E-1,-2.043251038E-1,-1.037342834E-1,9.819280701E0,9.821954135E0
5.642082083E-1,-1.920506287E-1,-1.025367737E-1,9.847122803E0,9.849529163E0
5.742762083E-1,-1.633103943E-1,-1.559756470E-1,9.851613464E0,9.854201466E0
5.843442083E-1,-1.225950623E-1,-1.992356873E-1,9.839937744E0,9.842718081E0
5.944122083E-1,-6.227050781E-2,-2.041754150E-1,9.831854553E0,9.834171504E0
6.044802083E-1,-9.490264893E-2,-1.540296936E-1,9.876910858E0,9.878567698E0
6.145482083E-1,-1.261875916E-1,-1.432521057E-1,9.886940002E0,9.888782892E0
6.246162083E-1,-1.580712891E-1,-1.736389160E-1,9.876611481E0,9.879402378E0
6.346842083E-1,-1.670526123E-1,-2.154020691E-1,9.883497162E0,9.887255472E0
6.447522083E-1,-1.664538574E-1,-2.592608643E-1,9.907746735E0,9.912535924E0
6.548202083E-1,-2.158511353E-1,-2.026785278E-1,9.917476501E0,9.921895507E0
6.648882083E-1,-1.917512512E-1,-1.314266968E-1,9.848170624E0,9.850913976E0
6.749562083E-1,-1.169068909E-1,-1.643582153E-1,9.774224396E0,9.776305201E0
6.850242083E-1,-6.511459351E-2,-2.158511353E-1,9.777517548E0,9.780116616E0
6.950922083E-1,-1.190025330E-1,-2.300715637E-1,9.786498871E0,9.789926183E0
7.051602083E-1,-2.170486450E-1,-1.820214844E-1,9.841284943E0,9.845360900E0
7.152282083E-1,-2.327659607E-1,-1.383123779E-1,9.873018951E0,9.876730913E0
7.252962083E-1,-1.625619507E-1,-1.609153748E-1,9.842931519E0,9.845588912E0
7.353642083E-1,-7.933502197E-2,-2.056723022E-1,9.839039612E0,9.841508808E0
7.454322083E-1,-8.307723999E-2,-2.227368164E-1,9.840536499E0,9.843407545E0
7.555002083E-1,-1.610650635E-1,-1.930984497E-1,9.822723541E0,9.825941519E0
7.655682083E-1,-2.246827698E-1,-1.842668152E-1,9.861193542E0,9.865473870E0
7.756362083E-1,-2.017803955E-1,-1.987866211E-1,9.896969147E0,9.901021651E0
7.857042083E-1,-2.233355713E-1,-1.646575928E-1,9.946067047E0,9.949936714E0
7.957722083E-1,-1.999841309E-1,-1.522334290E-1,9.932744751E0,9.935924062E0
8.058402083E-1,-1.815724182E-1,-1.648072815E-1,9.898466034E0,9.901502907E0
8.159082083E-1,-2.002835083E-1,-1.884580994E-1,9.915829926E0,9.919642788E0
8.259762083E-1,-1.884580994E-1,-2.254312134E-1,9.907746735E0,9.912102756E0
8.360442083E-1,-1.523831177E-1,-2.077679443E-1,9.910441132E0,9.913789969E0
8.461122083E-1,-1.719923401E-1,-1.833686829E-1,9.901310120E0,9.904501377E0
8.561802083E-1,-1.540296936E-1,-1.519340515E-1,9.865983582E0,9.868355544E0
8.662478750E-1,-1.657054138E-1,-1.450483704E-1,9.863139496E0,9.865597703E0
8.763158750E-1,-1.300794983E-1,-2.171983337E-1,9.810449066E0,9.813715233E0
8.863838750E-1,-1.384620667E-1,-2.049238586E-1,9.823322296E0,9.826435084E0
8.964518750E-1,-1.669029236E-1,-1.495390320E-1,9.833650818E0,9.836203887E0
9.065198750E-1,-1.945953369E-1,-1.791773987E-1,9.876461792E0,9.880003513E0
9.165878750E-1,-2.170486450E-1,-1.657054138E-1,9.859097900E0,9.862878880E0
9.266558750E-1,-2.303709412E-1,-1.383123779E-1,9.836195526E0,9.839865015E0
9.367238750E-1,-1.869612122E-1,-1.904040527E-1,9.790989532E0,9.794625272E0
9.467918750E-1,-1.757345581E-1,-2.399510193E-1,9.780960388E0,9.785481350E0
9.568598750E-1,-1.868115234E-1,-2.188449097E-1,9.764644318E0,9.768882755E0
9.669278750E-1,-1.724414062E-1,-2.068698120E-1,9.779014435E0,9.782722243E0
9.769958750E-1,-2.049238586E-1,-2.122586060E-1,9.857002258E0,9.861416786E0
9.870638750E-1,-2.121089172E-1,-1.615141296E-1,9.831555176E0,9.835169250E0
9.971318750E-1,-1.887574768E-1,-1.971400452E-1,9.773176575E0,9.776986956E0
1.007199875E0,-1.966909790E-1,-2.180964661E-1,9.794432373E0,9.798834569E0
1.017267875E0,-1.660047913E-1,-1.981878662E-1,9.789193268E0,9.792606438E0
1.027335875E0,-1.517843628E-1,-1.728904724E-1,9.809700623E0,9.812398071E0
1.037403875E0,-1.585203552E-1,-1.663041687E-1,9.835596771E0,9.838279810E0
1.047471875E0,-1.371148682E-1,-2.180964661E-1,9.820627899E0,9.824006255E0
1.057539875E0,-1.362167358E-1,-2.335144043E-1,9.811347198E0,9.815070954E0
1.067607875E0,-1.618135071E-1,-1.893562317E-1,9.832902374E0,9.836056552E0
1.077675875E0,-1.546284485E-1,-1.775308228E-1,9.836644592E0,9.839461570E0
1.087743875E0,-1.398092651E-1,-2.020797729E-1,9.821825409E0,9.824898841E0
1.097811875E0,-1.118174744E-1,-2.149530029E-1,9.777966614E0,9.780968206E0
1.107879875E0,-5.942642212E-2,-2.100132751E-1,9.770482178E0,9.772919679E0
1.117947875E0,-6.541397095E-2,-1.878593445E-1,9.771529999E0,9.773554555E0
1.128015875E0,-8.187973022E-2,-1.670526123E-1,9.742041321E0,9.743817525E0
1.138083875E0,-7.289840698E-2,-1.579216003E-1,9.712852020E0,9.714409286E0
1.148151875E0,-5.538482666E-2,-2.160008240E-1,9.691745911E0,9.694310838E0
1.158219875E0,-4.730163574E-2,-2.725831604E-1,9.637708282E0,9.641678275E0
1.168287875E0,-5.194198608E-2,-2.481838989E-1,9.595945129E0,9.599294565E0
1.178355875E0,-4.071533203E-2,-2.185455322E-1,9.571096802E0,9.573678179E0
1.188423875E0,-2.350112915E-2,-2.191442871E-1,9.514514465E0,9.517066882E0
1.198491875E0,5.673202515E-2,-2.773731995E-1,9.436376953E0,9.440623095E0
1.208559875E0,1.004411316E-1,-2.535726929E-1,9.381141815E0,9.385105715E0
1.218627875E0,1.456471252E-1,-2.124082947E-1,9.305399323E0,9.308962720E0
1.228695875E0,1.450483704E-1,-1.983375549E-1,9.265881500E0,9.269138946E0
1.238763875E0,6.256988525E-2,-2.323168945E-1,9.156159668E0,9.159320171E0
1.248831875E0,4.954696655E-2,-3.520678711E-1,8.925339661E0,8.932418191E0
1.258899875E0,8.831634521E-2,-4.912783813E-1,8.734636230E0,8.748887032E0
1.268967875E0,1.300794983E-1,-5.231620789E-1,8.537945251E0,8.554947595E0
1.279035875E0,1.920506287E-1,-4.742138672E-1,8.215665436E0,8.231580698E0
1.289103875E0,2.478845215E-1,-4.671784973E-1,7.963140564E0,7.980683563E0
1.299171875E0,1.871109009E-1,-4.578977966E-1,7.588769073E0,7.604873236E0
1.309239875E0,2.326162720E-1,-6.996450806E-1,7.223229218E0,7.260761248E0
1.319307875E0,2.698887634E-1,-9.752220154E-1,6.830745392E0,6.905286419E0
1.329375875E0,3.201841736E-1,-1.234333191E0,6.321055298E0,6.448397972E0
1.339443875E0,5.035528564E-1,-1.390757904E0,5.927673340E0,6.109425853E0
1.349511875E0,3.973038025E0,-4.186494141E0,5.336851959E0,7.860900277E0
1.359579875E0,-5.455854492E0,1.461860046E0,3.268872345E1,3.317312201E1
1.369647875E0,-4.330943756E0,1.030996033E1,1.087772964E1,1.560055634E1
1.379715875E0,-1.429826660E0,4.172124023E0,2.346819763E0,4.995856898E0
1.389783875E0,-6.990463257E-1,-1.046174469E0,6.132597198E0,6.260343056E0
1.399851875E0,1.111438751E0,-1.678160248E0,1.405202866E1,1.419545798E1
1.409919875E0,4.168830872E-1,-6.997947693E-1,1.396969986E1,1.399342769E1
1.419987875E0,2.576142883E-1,-1.833237762E0,6.122118988E0,6.395894521E0
1.430055875E0,3.579057312E-1,-4.020639038E-1,9.903106384E0,9.917724938E0
1.440123875E0,2.890489197E-1,-3.489244080E-1,1.136810989E1,1.137713585E1
1.450191875E0,-5.379812622E-1,-1.014590149E0,9.974956970E0,1.004084576E1
1.460259875E0,-1.736389160E-2,5.670208740E-1,8.898994446E0,8.917057605E0
1.470327875E0,-1.796264648E-2,-5.487588501E-1,1.038166122E1,1.039616991E1
1.480395875E0,4.923262024E-1,-3.724255371E-1,9.771979065E0,9.791458559E0
1.490463875E0,6.439608765E-1,-2.028282166E-1,9.821526031E0,9.844704083E0
1.500531875E0,5.230123901E-1,-4.959187317E-1,9.849817200E0,9.876151893E0
1.510599875E0,6.945556641E-2,9.789642334E-2,9.841284943E0,9.842016923E0
1.520667875E0,8.681945801E-2,1.293310547E-1,9.914183350E0,9.915406983E0
1.530735875E0,2.633024597E-1,4.207749939E-1,9.965227203E0,9.977581520E0
1.540803875E0,7.259902954E-2,4.749623108E-1,9.872719574E0,9.884404464E0
1.550871875E0,-1.749861145E-1,3.586541748E-1,9.928254089E0,9.936271042E0
1.560939875E0,-3.429368591E-1,3.094065857E-1,9.861941986E0,9.872752294E0
1.571007875E0,-4.489164734E-1,2.709365845E-2,9.971364441E0,9.981501334E0
1.581075875E0,-3.387455750E-1,-1.990859985E-1,9.855954437E0,9.863783334E0
1.591143875E0,-2.020797729E-1,-1.468446350E-1,9.849517822E0,9.852684960E0
1.601211875E0,5.658233643E-2,-2.580633545E-1,9.954449615E0,9.957954881E0
1.611279875E0,2.519261169E-1,-1.719923401E-1,9.831704865E0,9.836435771E0
1.621347875E0,3.608995056E-1,-1.354682922E-1,9.884994049E0,9.892507643E0
1.631415875E0,3.384461975E-1,-1.547781372E-1,9.892927551E0,9.899925133E0
1.641483875E0,2.215393066E-2,-8.607101440E-2,9.913285217E0,9.913683615E0
1.651551875E0,-1.760339355E-1,-1.746867371E-1,9.942175140E0,9.945267715E0
1.661619875E0,-2.146536255E-1,-3.634442139E-1,9.808503113E0,9.817581229E0
1.671687875E0,-3.068618774E-1,-6.271957397E-1,9.906698914E0,9.931274947E0
1.681755875E0,-5.134323120E-2,-6.047424316E-1,9.893526306E0,9.912124510E0
1.691823875E0,1.142124939E-1,1.074765015E-1,9.821526031E0,9.822778084E0
1.701891875E0,-4.056564331E-2,-4.505630493E-2,9.903854828E0,9.904040392E0
1.711959875E0,-1.077758789E-2,8.382568359E-3,9.878856812E0,9.878866247E0
1.722027875E0,-2.264790344E-1,-1.302291870E-1,9.987830200E0,9.991246394E0
1.732095875E0,-7.229965210E-2,-8.173004150E-2,9.869426422E0,9.870029632E0
1.742163875E0,-1.115180969E-1,-7.963439941E-2,9.954000549E0,9.954943740E0
1.752231875E0,-8.143066406E-2,-6.481521606E-2,9.943372650E0,9.943917318E0
1.762299875E0,2.549198914E-1,2.799179077E-2,9.739496613E0,9.742872367E0
1.772367875E0,-9.819580078E-2,-9.909393311E-2,9.992470551E0,9.993444337E0
1.782435875E0,8.816665649E-2,-6.182144165E-2,9.811646576E0,9.812237450E0
1.792503875E0,2.784210205E-2,-6.047424316E-2,9.892029419E0,9.892253451E0
1.802571875E0,3.847000122E-2,-4.894821167E-2,9.850415955E0,9.850612689E0
1.812639875E0,-3.622467041E-2,-9.445358276E-2,9.886940002E0,9.887457525E0
1.822707875E0,-1.767823792E-1,-1.752854919E-1,9.940827942E0,9.943944750E0
1.832775875E0,-5.164260864E-2,-3.577560425E-2,9.905651093E0,9.905850313E0
1.842843875E0,-1.326242065E-1,-1.457968140E-1,9.962981873E0,9.964931193E0
1.852911875E0,2.004331970E-1,1.068777466E-1,9.744436340E0,9.747083457E0
1.862979875E0,-1.291813660E-1,-8.696914673E-2,9.960137787E0,9.961355138E0
1.873047583E0,-4.640350342E-3,-3.128494263E-2,9.906998291E0,9.907048774E0
1.883115583E0,1.871109009E-2,5.239105225E-3,9.854906616E0,9.854925772E0
1.893183583E0,-2.155517578E-2,-4.655319214E-2,9.895023193E0,9.895156180E0
1.903251583E0,-1.182540894E-2,-3.667373657E-2,9.870923309E0,9.870998520E0
1.913319583E0,-1.495390320E-1,-1.091230774E-1,9.971364441E0,9.973082702E0
1.923387583E0,-5.478607178E-2,-1.080752563E-1,9.884844360E0,9.885586973E0
1.933455583E0,-6.526428223E-2,-9.774673462E-2,9.934690704E0,9.935385913E0
1.943523583E0,2.248324585E-1,6.990463257E-2,9.766889648E0,9.769727207E0
1.953591583E0,-5.179229736E-2,-1.196012878E-1,9.915829926E0,9.916686444E0
1.963659583E0,2.170486450E-2,-6.735992432E-2,9.871821442E0,9.872075113E0
1.973727583E0,7.933502197E-3,-3.532653809E-2,9.868079224E0,9.868145645E0
1.983795583E0,-4.430786133E-2,-7.065307617E-2,9.896520081E0,9.896871463E0
1.993863583E0,-6.586303711E-3,-4.475692749E-2,9.874216461E0,9.874320092E0
2.003931583E0,-1.588197327E-1,-1.022373962E-1,9.942324829E0,9.944118825E0
2.013999583E0,-1.260379028E-1,-1.047821045E-1,9.919572144E0,9.920926184E0
2.024067583E0,-1.061293030E-1,-8.487350464E-2,9.949509888E0,9.950437877E0
2.034135583E0,1.561253357E-1,7.035369873E-2,9.803413696E0,9.804909223E0
2.044203583E0,-4.026626587E-2,-7.514373779E-2,9.900861053E0,9.901228083E0
2.054271583E0,-8.981323242E-3,-3.996688843E-2,9.889634399E0,9.889719236E0
2.064339583E0,2.694396973E-2,-3.712280273E-2,9.863438873E0,9.863545533E0
2.074407583E0,8.831634521E-3,-5.972579956E-2,9.894125061E0,9.894309268E0
2.084475583E0,2.409988403E-2,-4.400848389E-2,9.876910858E0,9.877038304E0
2.094543583E0,-7.379653931E-2,-7.918533325E-2,9.914931793E0,9.915522614E0
2.104611583E0,-1.309776306E-1,-1.264869690E-1,9.948462067E0,9.950128220E0
2.114679583E0,-7.993377686E-2,-9.565109253E-2,9.925410004E0,9.926192738E0
2.124747583E0,1.398092651E-1,4.056564331E-2,9.802964630E0,9.804045478E0
2.134815583E0,-4.251159668E-2,-8.562194824E-2,9.904752960E0,9.905214261E0
2.144883583E0,-4.146377563E-2,-6.212081909E-2,9.901459808E0,9.901741492E0
2.154951583E0,-1.856140137E-2,-4.775070190E-2,9.869127045E0,9.869260017E0
2.165019583E0,-3.233276367E-2,-6.242019653E-2,9.898316345E0,9.898565965E0
2.175087583E0,-3.083587646E-2,-5.463638306E-2,9.894125061E0,9.894323964E0
2.185155583E0,-7.903564453E-2,-7.304809570E-2,9.916129303E0,9.916713317E0
2.195223583E0,-1.215472412E-1,-1.104702759E-1,9.934840393E0,9.936198018E0
2.205291583E0,-5.643264771E-2,-7.409591675E-2,9.935738525E0,9.936175064E0
2.215359583E0,1.673519897E-1,4.550537109E-2,9.808203735E0,9.809736895E0
2.225427583E0,-1.706451416E-2,-6.765930176E-2,9.909243622E0,9.909489297E0
2.235495583E0,4.790039062E-3,-4.939727783E-2,9.879904633E0,9.880029281E0
2.245563583E0,1.856140137E-2,-2.424957275E-2,9.879156189E0,9.879203388E0
2.255631583E0,-2.035766602E-2,-6.107299805E-2,9.877958679E0,9.878168454E0
2.265699583E0,-1.556762695E-2,-5.209167480E-2,9.883347473E0,9.883497011E0
2.275767583E0,-7.334747314E-2,-7.065307617E-2,9.911339264E0,9.911862475E0
2.285835583E0,-1.312770081E-1,-1.166075134E-1,9.939480743E0,9.941031557E0
2.295903583E0,-6.197113037E-2,-7.948471069E-2,9.912087708E0,9.912600111E0
2.305971583E0,8.487350464E-2,3.891906738E-3,9.837243347E0,9.837610245E0
2.316039583E0,-4.805007935E-2,-7.170089722E-2,9.905800781E0,9.906176808E0
2.326107583E0,-1.841171265E-2,-5.927673340E-2,9.878856812E0,9.879051808E0
2.336175583E0,2.694396973E-3,-5.164260864E-2,9.890831909E0,9.890967095E0
2.346243583E0,-2.275268555E-2,-6.451583862E-2,9.886341248E0,9.886577934E0
2.356311583E0,-2.065704346E-2,-5.882766724E-2,9.882149963E0,9.882346650E0
2.366379583E0,-5.508544922E-2,-7.319778442E-2,9.898316345E0,9.898740263E0
2.376447583E0,-8.457412720E-2,-9.325607300E-2,9.924362183E0,9.925160664E0
2.386515583E0,1.826202393E-2,-1.916015625E-2,9.886790314E0,9.886825745E0
2.396583583E0,6.047424316E-2,-1.706451416E-2,9.860594788E0,9.860794993E0
2.406651583E0,-3.263214111E-2,-6.062393188E-2,9.912536774E0,9.912775868E0
2.416719583E0,7.484436035E-4,-3.203338623E-2,9.876761169E0,9.876813145E0
2.426787583E0,-1.796264648E-2,-4.640350342E-2,9.893526306E0,9.893651435E0
2.436855583E0,-4.834945679E-2,-6.256988525E-2,9.901459808E0,9.901775548E0
2.446923583E0,-5.523513794E-2,-6.227050781E-2,9.890532532E0,9.890882787E0
2.456991583E0,-7.948471069E-2,-8.098159790E-2,9.910890198E0,9.911539757E0
2.467059583E0,-1.046324158E-1,-1.083746338E-1,9.930798798E0,9.931941289E0
2.477127583E0,2.245330811E-3,-4.161346436E-2,9.880802765E0,9.880890648E0
2.487195583E0,5.149291992E-2,-3.113525391E-2,9.855655060E0,9.855838756E0
2.497263583E0,-2.260299683E-2,-6.316864014E-2,9.915380859E0,9.915607836E0
2.507331583E0,1.616638184E-2,-4.311035156E-2,9.870025177E0,9.870132565E0
2.517399583E0,6.586303711E-3,-5.224136353E-2,9.877808990E0,9.877949331E0
2.527467583E0,-1.631607056E-2,-5.403762817E-2,9.888137512E0,9.888298627E0
2.537535583E0,-3.442840576E-2,-5.448669434E-2,9.896669769E0,9.896879641E0
2.547603583E0,-6.556365967E-2,-7.499404907E-2,9.910890198E0,9.911390781E0
2.557671583E0,-7.334747314E-2,-7.768844604E-2,9.910740509E0,9.911316400E0
2.567739583E0,1.362167358E-2,-2.200424194E-2,9.869127045E0,9.869160976E0
2.577807583E0,5.538482666E-3,-4.221221924E-2,9.882000275E0,9.882091984E0
2.587875583E0,-4.071533203E-2,-4.909790039E-2,9.904752960E0,9.904958331E0
2.597943583E0,-1.526824951E-2,-5.134323120E-2,9.891430664E0,9.891575700E0
2.608011583E0,-2.005828857E-2,-6.002517700E-2,9.886490936E0,9.886693501E0
2.618079583E0,-4.131408691E-2,-6.706054688E-2,9.894125061E0,9.894438574E0
2.628147583E0,-3.861968994E-2,-7.499404907E-2,9.896669769E0,9.897029257E0
2.638215583E0,-6.451583862E-2,-8.367599487E-2,9.911189575E0,9.911752759E0
2.648283583E0,-6.466552734E-2,-8.637039185E-2,9.905501404E0,9.906089013E0
2.658351583E0,2.320175171E-2,-4.026626587E-2,9.873318329E0,9.873427698E0
2.668419583E0,6.586303711E-3,-5.298980713E-2,9.878557434E0,9.878701751E0
2.678487583E0,-7.783813477E-3,-4.730163574E-2,9.886640625E0,9.886756843E0
2.688555583E0,-0.000000000E0,-4.116439819E-2,9.876611481E0,9.876697264E0
2.698623583E0,-1.571731567E-2,-4.984634399E-2,9.899064789E0,9.899202765E0
2.708691583E0,-3.891906738E-2,-6.077362061E-2,9.896520081E0,9.896783206E0
2.718759583E0,-4.475692749E-2,-5.149291992E-2,9.894125061E0,9.894360284E0
2.728827583E0,-6.631210327E-2,-6.481521606E-2,9.912087708E0,9.912521426E0
2.738895583E0,-5.313949585E-2,-6.541397095E-2,9.916877747E0,9.917235857E0
2.748963583E0,7.484436035E-3,-3.757186890E-2,9.876012726E0,9.876087030E0
2.759031583E0,-1.032852173E-2,-4.894821167E-2,9.888736267E0,9.888862804E0
2.769099583E0,-1.137634277E-2,-6.032455444E-2,9.891430664E0,9.891621154E0
2.779167583E0,-8.831634521E-3,-5.972579956E-2,9.883796539E0,9.883980939E0
2.789235583E0,-1.182540894E-2,-6.017486572E-2,9.887239380E0,9.887429565E0
2.799303583E0,-2.724334717E-2,-6.661148071E-2,9.896220703E0,9.896482380E0
2.809371583E0,-3.068618774E-2,-7.065307617E-2,9.893077240E0,9.893377117E0
2.819439583E0,-5.792953491E-2,-8.592132568E-2,9.901908875E0,9.902451094E0
2.829507583E0,-3.487747192E-2,-6.870712280E-2,9.901459808E0,9.901759613E0
2.839575583E0,1.122665405E-2,-4.251159668E-2,9.871222687E0,9.871320611E0
2.849643583E0,-8.232879639E-3,-4.954696655E-2,9.892628174E0,9.892755676E0
2.859711583E0,-1.122665405E-2,-4.984634399E-2,9.888736267E0,9.888868270E0
2.869783333E0,-1.272354126E-2,-4.834945679E-2,9.887688446E0,9.887814843E0
2.879851333E0,-1.811233521E-2,-5.448669434E-2,9.888287201E0,9.888453905E0
2.889919333E0,-4.146377563E-2,-4.790039063E-2,9.881700897E0,9.881903982E0
2.899987333E0,-3.936813354E-2,-5.538482666E-2,9.898316345E0,9.898549581E0
2.910055333E0,-6.182144165E-2,-7.289840698E-2,9.912536774E0,9.912997597E0
2.920123333E0,-3.248245239E-2,-5.822891235E-2,9.896969147E0,9.897193744E0
2.930191333E0,7.484436035E-4,-4.879852295E-2,9.886041870E0,9.886162335E0
2.940259333E0,1.646575928E-3,-5.538482666E-2,9.893376617E0,9.893531780E0
2.950327333E0,-2.395019531E-3,-5.358856201E-2,9.883497162E0,9.883642730E0
2.960395333E0,-2.544708252E-3,-5.284011841E-2,9.887389069E0,9.887530589E0
2.970463333E0,-8.831634521E-3,-6.541397095E-2,9.885143738E0,9.885364116E0
2.980531333E0,-2.020797729E-2,-6.346801758E-2,9.897717590E0,9.897941708E0
2.990600333E0,-4.101470947E-2,-6.661148071E-2,9.902357941E0,9.902666918E0
3.000668333E0,-5.433700562E-2,-7.708969116E-2,9.898466034E0,9.898915352E0
3.010736333E0,-3.158432007E-2,-5.837860107E-2,9.889634399E0,9.889857137E0
3.020804333E0,-2.020797729E-2,-5.179229736E-2,9.892478485E0,9.892634704E0
3.030872333E0,-1.886077881E-2,-6.002517700E-2,9.893975372E0,9.894175429E0
3.040939333E0,-1.107696533E-2,-4.879852295E-2,9.896969147E0,9.897095649E0
3.051008333E0,-1.092727661E-2,-4.311035156E-2,9.884245605E0,9.884345659E0
3.061076333E0,-2.185455322E-2,-4.610412598E-2,9.889035645E0,9.889167265E0
3.071144333E0,-3.278182983E-2,-5.029541016E-2,9.886940002E0,9.887122275E0
3.081212333E0,-4.086502075E-2,-6.152206421E-2,9.891280975E0,9.891556715E0
3.091280333E0,-4.610412598E-2,-7.095245361E-2,9.898166656E0,9.898528325E0
3.101348333E0,-1.496887207E-2,-5.328918457E-2,9.890233154E0,9.890388043E0
3.111416333E0,-1.496887207E-3,-4.909790039E-2,9.883497162E0,9.883619225E0
3.121484333E0,-4.191284180E-3,-5.807922363E-2,9.875563660E0,9.875735333E0
3.131552333E0,-7.035369873E-3,-5.792953491E-2,9.890532532E0,9.890704681E0
3.141620333E0,-1.466949463E-2,-5.688171387E-2,9.889634399E0,9.889808860E0
3.151688333E0,-3.547622681E-2,-6.182144165E-2,9.886191559E0,9.886448502E0
3.161756333E0,-4.146377563E-2,-6.646179199E-2,9.893975372E0,9.894285476E0
3.171824333E0,-4.116439819E-2,-6.795867920E-2,9.897567902E0,9.897886808E0
3.181892333E0,-4.745132446E-2,-7.499404907E-2,9.896071014E0,9.896468929E0
3.191960333E0,-2.140548706E-2,-6.286926270E-2,9.897717590E0,9.897940404E0
3.202028333E0,-1.930984497E-2,-5.059478760E-2,9.885143738E0,9.885292076E0
3.212096333E0,-9.430389404E-3,-4.819976807E-2,9.878707123E0,9.878829210E0
3.222164333E0,-3.592529297E-3,-4.864883423E-2,9.893376617E0,9.893496880E0
3.232232333E0,-1.556762695E-2,-4.475692749E-2,9.894125061E0,9.894238539E0
3.242300333E0,-2.095642090E-2,-4.909790039E-2,9.891131287E0,9.891275343E0
3.252368333E0,-2.200424194E-2,-5.493576050E-2,9.890083466E0,9.890260516E0
3.262436333E0,-3.622467041E-2,-6.047424316E-2,9.895023193E0,9.895274294E0
3.272504333E0,-4.430786133E-2,-6.466552734E-2,9.899064789E0,9.899375158E0
3.282572333E0,-2.245330811E-2,-5.942642212E-2,9.889784088E0,9.889988117E0
3.292640333E0,-1.182540894E-2,-5.733078003E-2,9.887838135E0,9.888011410E0
3.302708333E0,-1.392105103E-2,-5.882766724E-2,9.891879730E0,9.892064450E0
3.312776333E0,-2.200424194E-2,-5.538482666E-2,9.883796539E0,9.883976209E0
3.322844333E0,-2.320175171E-2,-6.032455444E-2,9.890532532E0,9.890743710E0
3.332912333E0,-2.380050659E-2,-6.197113037E-2,9.892478485E0,9.892701222E0
3.342980333E0,-3.727249146E-2,-6.152206421E-2,9.896969147E0,9.897230547E0
3.353048333E0,-5.164260864E-2,-6.346801758E-2,9.889335022E0,9.889673520E0
3.363116333E0,-3.652404785E-2,-5.882766724E-2,9.893675995E0,9.893918303E0
3.373184333E0,-1.616638184E-2,-5.598358154E-2,9.901759186E0,9.901930644E0
3.383252333E0,-1.601669312E-2,-5.568420410E-2,9.879605255E0,9.879775163E0
3.393320333E0,-1.392105103E-2,-4.625381470E-2,9.880353699E0,9.880471771E0
3.403388333E0,-1.302291870E-2,-4.655319214E-2,9.889035645E0,9.889153795E0
3.413456333E0,-1.302291870E-2,-4.655319214E-2,9.880802765E0,9.880921013E0
3.423524333E0,-2.754272461E-2,-5.433700562E-2,9.886940002E0,9.887127678E0
3.433592333E0,-2.769241333E-2,-6.601272583E-2,9.899064789E0,9.899323626E0
3.443660333E0,-3.532653809E-2,-6.496490479E-2,9.888137512E0,9.888414022E0
3.453728333E0,-3.697311401E-2,-5.763015747E-2,9.892328796E0,9.892565757E0
3.463796333E0,-2.739303589E-2,-5.987548828E-2,9.886341248E0,9.886560510E0
3.473864333E0,-2.619552612E-2,-4.685256958E-2,9.887239380E0,9.887385090E0
3.483932333E0,-7.933502197E-3,-5.628295898E-2,9.883946228E0,9.884109659E0
3.494000333E0,-1.197509766E-2,-5.972579956E-2,9.891580353E0,9.891767913E0
3.504068333E0,-1.601669312E-2,-5.792953491E-2,9.890981598E0,9.891164205E0
3.514136333E0,-2.065704346E-2,-5.987548828E-2,9.886490936E0,9.886693827E0
3.524204333E0,-2.409988403E-2,-6.601272583E-2,9.891730042E0,9.891979665E0
3.534272333E0,-3.382965088E-2,-5.882766724E-2,9.884844360E0,9.885077297E0
3.544340333E0,-2.993774414E-2,-5.313949585E-2,9.891430664E0,9.891618708E0
3.554408333E0,-2.170486450E-2,-5.029541016E-2,9.896520081E0,9.896671685E0
3.564476333E0,-2.170486450E-2,-4.221221924E-2,9.883796539E0,9.883910512E0
3.574544333E0,-1.347198486E-2,-4.864883423E-2,9.887239380E0,9.887368242E0
3.584612333E0,-1.826202393E-2,-4.805007935E-2,9.898166656E0,9.898300130E0
3.594680333E0,-1.901046753E-2,-4.745132446E-2,9.888287201E0,9.888419327E0
3.604748333E0,-4.924758911E-2,-5.343887329E-2,9.897118835E0,9.897385629E0
3.614816333E0,-4.146377563E-2,-5.748046875E-2,9.902058563E0,9.902312207E0
3.624884333E0,-4.745132446E-2,-6.706054688E-2,9.898765411E0,9.899106294E0
3.634952333E0,-3.412902832E-2,-6.182144165E-2,9.899813232E0,9.900065087E0
3.645020333E0,-2.215393066E-2,-6.706054688E-2,9.888885956E0,9.889138151E0
3.655088333E0,-1.631607056E-2,-6.855743408E-2,9.879754944E0,9.880006280E0
3.665156333E0,-1.167572021E-2,-6.825805664E-2,9.880802765E0,9.881045429E0
3.675224333E0,-8.981323242E-3,-6.616241455E-2,9.872719574E0,9.872945352E0
3.685292333E0,-1.945953369E-3,-5.194198608E-2,9.876162415E0,9.876299195E0
3.695360333E0,8.681945801E-3,-6.691085815E-2,9.876162415E0,9.876392888E0
3.705428333E0,-2.574645996E-2,-7.035369873E-2,9.891580353E0,9.891864051E0
3.715496333E0,-2.484832764E-2,-6.032455444E-2,9.888287201E0,9.888502428E0
3.725564333E0,-2.829116821E-2,-5.328918457E-2,9.898016968E0,9.898200848E0
3.735632333E0,-3.757186890E-2,-4.266128540E-2,9.891730042E0,9.891893390E0
3.745700333E0,-3.293151855E-2,-4.056564331E-2,9.888586578E0,9.888724618E0
3.755768333E0,-2.424957275E-2,-4.460723877E-2,9.900262299E0,9.900392489E0
3.765836333E0,-1.871109009E-2,-3.323089600E-2,9.880054321E0,9.880127924E0
3.775904333E0,-2.814147949E-2,-5.284011841E-2,9.890083466E0,9.890264657E0
3.785972333E0,-3.517684937E-2,-5.628295898E-2,9.892628174E0,9.892850821E0
3.796040333E0,-3.547622681E-2,-6.346801758E-2,9.897717590E0,9.897984656E0
3.806108333E0,-3.442840576E-2,-8.038284302E-2,9.894873505E0,9.895259895E0
3.816176333E0,-1.796264648E-2,-7.559280396E-2,9.878258057E0,9.878563618E0
3.826244333E0,-1.586700439E-2,-7.244934082E-2,9.884694672E0,9.884972909E0
3.836312333E0,-5.837860107E-3,-7.918533325E-2,9.887239380E0,9.887558190E0
3.846380333E0,-6.735992432E-3,-6.586303711E-2,9.881700897E0,9.881922684E0
3.856448333E0,-4.191284180E-3,-5.987548828E-2,9.887089691E0,9.887271879E0
3.866513208E0,-7.484436035E-3,-5.119354248E-2,9.890233154E0,9.890368479E0
3.876581208E0,-2.320175171E-2,-5.239105225E-2,9.895771637E0,9.895937522E0
3.886649208E0,-4.370910645E-2,-5.209167480E-2,9.903106384E0,9.903339845E0
3.896717208E0,-4.236190796E-2,-5.433700562E-2,9.898016968E0,9.898256762E0
3.906785208E0,-3.532653809E-2,-4.969665527E-2,9.899663544E0,9.899851312E0
3.916853208E0,-2.844085693E-2,-4.191284180E-2,9.902657318E0,9.902786857E0
3.926921208E0,-2.769241333E-2,-4.101470947E-2,9.889335022E0,9.889458845E0
3.936989208E0,-2.694396973E-2,-5.239105225E-2,9.895621948E0,9.895797317E0
3.947057208E0,-1.706451416E-2,-5.328918457E-2,9.880054321E0,9.880212767E0
3.957125208E0,-1.646575928E-2,-4.849914551E-2,9.880353699E0,9.880486451E0
3.967193208E0,-1.332229614E-2,-6.331832886E-2,9.882449341E0,9.882661163E0
3.977261208E0,-1.856140137E-2,-6.691085815E-2,9.897268524E0,9.897512103E0
3.987329208E0,-2.095642090E-2,-7.200027466E-2,9.896370392E0,9.896654492E0
3.997397208E0,-2.335144043E-2,-6.601272583E-2,9.896370392E0,9.896618104E0
4.007465208E0,-8.083190918E-3,-6.960525513E-2,9.888736267E0,9.888984538E0
4.017533208E0,-1.392105103E-2,-6.661148071E-2,9.888287201E0,9.888521358E0
4.027601208E0,-2.769241333E-2,-5.957611084E-2,9.879305878E0,9.879524321E0
4.037669208E0,-2.574645996E-2,-5.478607178E-2,9.892179108E0,9.892364323E0
4.047737208E0,-3.128494263E-2,-5.478607178E-2,9.895322571E0,9.895523687E0
4.057805208E0,-3.562591553E-2,-5.478607178E-2,9.902657318E0,9.902872951E0
4.067873208E0,-4.296066284E-2,-5.792953491E-2,9.892328796E0,9.892591696E0
4.077941208E0,-2.260299683E-2,-5.119354248E-2,9.900711365E0,9.900869517E0
4.088009208E0,-1.990859985E-2,-4.655319214E-2,9.889185333E0,9.889314946E0
4.098077208E0,-1.945953369E-2,-4.505630493E-2,9.888137512E0,9.888259311E0
4.108145208E0,-1.092727661E-2,-5.613327026E-2,9.886940002E0,9.887105388E0
4.118213208E0,-1.496887207E-2,-5.149291992E-2,9.889784088E0,9.889929469E0
4.128281208E0,-1.137634277E-2,-6.077362061E-2,9.884395294E0,9.884588671E0
4.138349208E0,-1.945953369E-2,-5.583389282E-2,9.879754944E0,9.879931875E0
4.148417208E0,-2.335144043E-2,-6.661148071E-2,9.889185333E0,9.889437241E0
4.158485208E0,-2.335144043E-2,-6.496490479E-2,9.900561676E0,9.900802353E0
4.168553208E0,-3.622467041E-2,-7.319778442E-2,9.898166656E0,9.898503589E0
4.178621208E0,-3.128494263E-2,-7.035369873E-2,9.910291443E0,9.910590541E0
4.188689208E0,-2.814147949E-2,-6.271957397E-2,9.893526306E0,9.893765131E0
4.198757208E0,-3.248245239E-2,-5.807922363E-2,9.895472260E0,9.895696011E0
4.208825208E0,-3.098556519E-2,-5.792953491E-2,9.898166656E0,9.898384671E0
4.218893208E0,-2.365081787E-2,-6.092330933E-2,9.889634399E0,9.889850331E0
4.228961208E0,-2.499801636E-2,-5.553451538E-2,9.895172882E0,9.895360294E0
4.239029208E0,-2.814147949E-2,-4.670288086E-2,9.893226929E0,9.893377187E0
4.249097208E0,-2.260299683E-2,-4.834945679E-2,9.887987823E0,9.888131864E0
4.259165208E0,-7.334747314E-3,-4.879852295E-2,9.890831909E0,9.890955007E0
4.269233208E0,-5.388793945E-3,-4.415817261E-2,9.884095917E0,9.884196026E0
4.279301208E0,2.993774414E-4,-5.134323120E-2,9.883946228E0,9.884079586E0
4.289369208E0,-1.257385254E-2,-5.733078003E-2,9.888287201E0,9.888461391E0
4.299437208E0,-1.871109009E-2,-5.733078003E-2,9.885592804E0,9.885776753E0
4.309505208E0,-2.903961182E-2,-6.466552734E-2,9.897567902E0,9.897821745E0
4.319573208E0,-3.622467041E-2,-6.271957397E-2,9.905651093E0,9.905915886E0
4.329641208E0,-3.113525391E-2,-5.523513794E-2,9.904154205E0,9.904357165E0
4.339709208E0,-2.754272461E-2,-6.855743408E-2,9.898016968E0,9.898292712E0
4.349777208E0,-2.963836670E-2,-6.556365967E-2,9.895621948E0,9.895883526E0
4.359845208E0,-2.499801636E-2,-5.867797852E-2,9.888586578E0,9.888792268E0
4.369913208E0,-1.945953369E-2,-4.864883423E-2,9.887987823E0,9.888126647E0
4.379981208E0,-1.631607056E-2,-6.227050781E-2,9.890083466E0,9.890292958E0
4.390049208E0,-1.362167358E-2,-6.496490479E-2,9.885892181E0,9.886115021E0
4.400117208E0,-2.350112915E-2,-5.074447632E-2,9.881251831E0,9.881410074E0
4.410185208E0,-1.886077881E-2,-4.805007935E-2,9.893825684E0,9.893960339E0
4.420253208E0,-8.382568359E-3,-5.987548828E-2,9.884245605E0,9.884430511E0
4.430321208E0,-2.380050659E-2,-4.834945679E-2,9.890981598E0,9.891128404E0
4.440390208E0,-2.200424194E-2,-4.475692749E-2,9.889484711E0,9.889610468E0
4.450457208E0,-1.466949463E-2,-4.221221924E-2,9.909393311E0,9.909494076E0
4.460526208E0,-1.796264648E-2,-5.194198608E-2,9.894574127E0,9.894726767E0
4.470594208E0,-2.095642090E-2,-5.478607178E-2,9.900561676E0,9.900735437E0
4.480662208E0,-2.634521484E-2,-5.882766724E-2,9.902208252E0,9.902418040E0
4.490730208E0,-3.203338623E-2,-6.167175293E-2,9.889784088E0,9.890028253E0
4.500798208E0,-3.607498169E-2,-5.957611084E-2,9.903405762E0,9.903650660E0
4.510866208E0,-3.577560425E-2,-5.493576050E-2,9.891430664E0,9.891647912E0
4.520934208E0,-2.978805542E-2,-6.316864014E-2,9.901759186E0,9.902005483E0
4.531002208E0,-1.871109009E-2,-5.493576050E-2,9.886490936E0,9.886661270E0
4.541070208E0,-4.340972900E-3,-5.149291992E-2,9.888586578E0,9.888721600E0
4.551138208E0,-9.729766846E-3,-5.134323120E-2,9.885742493E0,9.885880610E0
4.561206208E0,2.544708252E-3,-5.269042969E-2,9.866133270E0,9.866274295E0
4.571274208E0,-1.466949463E-2,-5.493576050E-2,9.900711365E0,9.900874641E0
4.581342208E0,-2.020797729E-2,-5.508544922E-2,9.880802765E0,9.880976978E0
4.591410208E0,-2.469863892E-2,-5.044509888E-2,9.901908875E0,9.902068172E0
4.601478208E0,-2.679428101E-2,-5.733078003E-2,9.900262299E0,9.900464551E0
4.611546208E0,-3.053649902E-2,-5.598358154E-2,9.892179108E0,9.892384654E0
4.621614208E0,-2.933898926E-2,-5.777984619E-2,9.893675995E0,9.893888213E0
4.631682208E0,-1.960922241E-2,-5.508544922E-2,9.885293427E0,9.885466355E0
4.641750208E0,-2.424957275E-2,-5.448669434E-2,9.888736267E0,9.888916109E0
4.651818208E0,-2.814147949E-2,-6.212081909E-2,9.884245605E0,9.884480873E0
4.661886208E0,-2.469863892E-2,-5.643264771E-2,9.879006500E0,9.879198555E0
4.671954208E0,-3.068618774E-2,-6.092330933E-2,9.893675995E0,9.893911157E0
4.682022208E0,-2.874023438E-2,-6.541397095E-2,9.891580353E0,9.891838397E0
4.692090208E0,-2.814147949E-2,-6.765930176E-2,9.905501404E0,9.905772448E0
4.702158208E0,-2.903961182E-2,-6.346801758E-2,9.880952454E0,9.881198960E0
4.712226208E0,-2.125579834E-2,-5.568420410E-2,9.896969147E0,9.897148621E0
4.722294208E0,-1.437011719E-2,-5.298980713E-2,9.890981598E0,9.891133979E0
4.732362208E0,1.197509766E-3,-5.179229736E-2,9.882748718E0,9.882884503E0
4.742430208E0,-1.107696533E-2,-5.269042969E-2,9.894574127E0,9.894720620E0
4.752498208E0,-2.050735474E-2,-5.104385376E-2,9.890382843E0,9.890535820E0
4.762566208E0,-2.784210205E-2,-5.059478760E-2,9.890382843E0,9.890551440E0
4.772634208E0,-3.847000122E-2,-6.466552734E-2,9.896220703E0,9.896506746E0
4.782702208E0,-4.340972900E-2,-6.526428223E-2,9.889185333E0,9.889495962E0
4.792770208E0,-3.382965088E-2,-5.852828979E-2,9.891430664E0,9.891661670E0
4.802838208E0,-2.679428101E-2,-5.837860107E-2,9.889484711E0,9.889693314E0
4.812906208E0,-2.604583740E-2,-4.924758911E-2,9.882898407E0,9.883055430E0
4.822974208E0,-1.826202393E-2,-5.134323120E-2,9.886940002E0,9.887090181E0
4.833042208E0,-1.781295776E-2,-5.104385376E-2,9.884544983E0,9.884692828E0
4.843110208E0,-1.182540894E-2,-5.792953491E-2,9.890233154E0,9.890409876E0
4.853178208E0,-1.661544800E-2,-6.481521606E-2,9.887389069E0,9.887615470E0
4.863246208E0,-3.293151855E-2,-5.733078003E-2,9.896520081E0,9.896740929E0
4.873314125E0,-2.918930054E-2,-6.032455444E-2,9.901310120E0,9.901536909E0
4.883382125E0,-2.320175171E-2,-6.032455444E-2,9.890382843E0,9.890594024E0
4.893450125E0,-2.574645996E-2,-6.062393188E-2,9.885293427E0,9.885512848E0
4.903518125E0,-2.514770508E-2,-5.807922363E-2,9.875863037E0,9.876065833E0
4.913586125E0,-1.676513672E-2,-5.448669434E-2,9.884245605E0,9.884410001E0
4.923654125E0,-2.365081787E-2,-5.014572144E-2,9.892179108E0,9.892334479E0
4.933722125E0,-2.215393066E-2,-5.014572144E-2,9.893825684E0,9.893977565E0
4.943790125E0,-2.454895020E-2,-5.643264771E-2,9.895921326E0,9.896112680E0
4.953858125E0,-2.784210205E-2,-5.733078003E-2,9.897268524E0,9.897473730E0
4.963926125E0,-3.218307495E-2,-6.167175293E-2,9.903256073E0,9.903500391E0
4.973994125E0,-3.218307495E-2,-6.496490479E-2,9.900861053E0,9.901126491E0
4.984062125E0,-2.709365845E-2,-4.326004028E-2,9.886041870E0,9.886173646E0
4.994130125E0,-1.945953369E-2,-5.194198608E-2,9.884694672E0,9.884850297E0
5.004198125E0,-9.131011963E-3,-6.062393188E-2,9.890981598E0,9.891171599E0
5.014266125E0,-1.811233521E-2,-5.448669434E-2,9.873318329E0,9.873485285E0
5.024334125E0,-2.140548706E-2,-5.089416504E-2,9.890382843E0,9.890536952E0
5.034402125E0,-1.975891113E-2,-5.628295898E-2,9.897717590E0,9.897897337E0
5.044470125E0,-2.933898926E-2,-5.912704468E-2,9.891730042E0,9.891950263E0
5.054538125E0,-3.517684937E-2,-6.242019653E-2,9.886341248E0,9.886600880E0
5.064606125E0,-2.978805542E-2,-6.182144165E-2,9.905202026E0,9.905439738E0
5.074674125E0,-2.544708252E-2,-5.748046875E-2,9.908495178E0,9.908694579E0
5.084742125E0,-2.694396973E-2,-4.984634399E-2,9.884844360E0,9.885006761E0
5.094810125E0,-1.975891113E-2,-5.313949585E-2,9.890083466E0,9.890245961E0
5.104878125E0,-1.362167358E-2,-5.328918457E-2,9.886041870E0,9.886194877E0
5.114946125E0,-1.496887207E-2,-5.837860107E-2,9.882599030E0,9.882782792E0
5.125014125E0,-2.454895020E-2,-5.164260864E-2,9.895472260E0,9.895637466E0
5.135082125E0,-3.023712158E-2,-5.972579956E-2,9.887838135E0,9.888064747E0
5.145150125E0,-2.335144043E-2,-5.987548828E-2,9.894274750E0,9.894483472E0
5.155218125E0,-2.110610962E-2,-6.691085815E-2,9.901908875E0,9.902157436E0
5.165286125E0,-2.305206299E-2,-6.062393188E-2,9.899813232E0,9.900025692E0
5.175354125E0,-1.811233521E-2,-4.385879517E-2,9.889933777E0,9.890047612E0
5.185422125E0,-1.586700439E-2,-5.388793945E-2,9.887239380E0,9.887398962E0
5.195490125E0,-1.092727661E-2,-4.805007935E-2,9.896520081E0,9.896642760E0
5.205558125E0,-1.990859985E-2,-4.790039063E-2,9.890233154E0,9.890369187E0
5.215626125E0,-3.353027344E-2,-5.568420410E-2,9.894125061E0,9.894338570E0
5.225694125E0,-3.233276367E-2,-6.526428223E-2,9.894574127E0,9.894842191E0
5.235762125E0,-3.128494263E-2,-6.780899048E-2,9.899364166E0,9.899645837E0
5.245830125E0,-2.918930054E-2,-5.418731689E-2,9.886341248E0,9.886532837E0
5.255898125E0,-2.589614868E-2,-5.388793945E-2,9.890382843E0,9.890563548E0
5.265966125E0,-1.886077881E-2,-5.343887329E-2,9.904154205E0,9.904316330E0
5.276034125E0,-1.257385254E-2,-5.373825073E-2,9.898765411E0,9.898919263E0
5.286102125E0,-1.856140137E-2,-5.897735596E-2,9.896819458E0,9.897012592E0
5.296170125E0,-2.290237427E-2,-5.792953491E-2,9.885592804E0,9.885789065E0
5.306238125E0,-2.439926147E-2,-5.867797852E-2,9.899663544E0,9.899867510E0
5.316306125E0,-2.395019531E-2,-6.212081909E-2,9.889035645E0,9.889259759E0
5.326374125E0,-2.963836670E-2,-5.987548828E-2,9.899214478E0,9.899439923E0
5.336442125E0,-2.619552612E-2,-5.358856201E-2,9.898016968E0,9.898196696E0
5.346510125E0,-2.365081787E-2,-6.017486572E-2,9.890233154E0,9.890444491E0
5.356578125E0,-2.275268555E-2,-6.346801758E-2,9.897118835E0,9.897348489E0
5.366646125E0,-1.646575928E-2,-5.688171387E-2,9.893825684E0,9.894002896E0
5.376714125E0,-1.841171265E-2,-5.613327026E-2,9.897567902E0,9.897744203E0
5.386782125E0,-1.916015625E-2,-5.149291992E-2,9.902507629E0,9.902660046E0
5.396850125E0,-1.481918335E-2,-5.598358154E-2,9.894125061E0,9.894294542E0
5.406918125E0,-2.424957275E-2,-6.212081909E-2,9.893825684E0,9.894050419E0
5.416986125E0,-3.667373657E-2,-5.373825073E-2,9.897567902E0,9.897781728E0
5.427054125E0,-2.305206299E-2,-6.227050781E-2,9.884395294E0,9.884618321E0
5.437122125E0,-1.362167358E-2,-5.807922363E-2,9.888287201E0,9.888467147E0
5.447190125E0,-1.930984497E-2,-5.538482666E-2,9.900411987E0,9.900585734E0
5.457259125E0,-9.430389404E-3,-4.894821167E-2,9.890382843E0,9.890508462E0
5.467327125E0,-1.496887207E-2,-5.328918457E-2,9.892478485E0,9.892633339E0
5.477395125E0,-2.215393066E-2,-5.822891235E-2,9.891879730E0,9.892075920E0
5.487463125E0,-2.185455322E-2,-5.807922363E-2,9.898765411E0,9.898959919E0
5.497531125E0,-1.841171265E-2,-5.478607178E-2,9.888736267E0,9.888905170E0
5.507599125E0,-3.442840576E-2,-5.358856201E-2,9.891430664E0,9.891635741E0
5.517667125E0,-2.305206299E-2,-5.074447632E-2,9.900262299E0,9.900419182E0
5.527735125E0,-2.619552612E-2,-5.957611084E-2,9.893077240E0,9.893291302E0
5.537803125E0,-2.020797729E-2,-6.152206421E-2,9.886490936E0,9.886703008E0
5.547871125E0,-1.242416382E-2,-5.418731689E-2,9.900411987E0,9.900568072E0
5.557939125E0,-2.424957275E-2,-5.867797852E-2,9.891430664E0,9.891634432E0
5.568007125E0,-2.664459229E-2,-5.972579956E-2,9.885143738E0,9.885360075E0
5.578075125E0,-2.409988403E-2,-6.571334839E-2,9.898016968E0,9.898264441E0
5.588143125E0,-2.409988403E-2,-5.987548828E-2,9.886341248E0,9.886551934E0
5.598211125E0,-3.203338623E-2,-5.553451538E-2,9.895322571E0,9.895530254E0
5.608279125E0,-2.245330811E-2,-5.254074097E-2,9.885742493E0,9.885907612E0
5.618347125E0,-1.990859985E-2,-6.242019653E-2,9.897717590E0,9.897934438E0
5.628415125E0,-1.541793823E-2,-5.613327026E-2,9.897418213E0,9.897589400E0
5.638483125E0,-2.095642090E-2,-5.029541016E-2,9.885892181E0,9.886042334E0
5.648551125E0,-2.110610962E-2,-6.002517700E-2,9.888736267E0,9.888940967E0
5.658619125E0,-2.619552612E-2,-6.706054688E-2,9.900861053E0,9.901122811E0
5.668687125E0,-2.529739380E-2,-5.957611084E-2,9.904453583E0,9.904665065E0
5.678755125E0,-3.293151855E-2,-5.373825073E-2,9.899214478E0,9.899415112E0
5.688823125E0,-2.574645996E-2,-6.002517700E-2,9.889185333E0,9.889401016E0
5.698891125E0,-2.275268555E-2,-6.451583862E-2,9.895472260E0,9.895708727E0
5.708959125E0,-1.766326904E-2,-5.942642212E-2,9.880503387E0,9.880697884E0
5.719027125E0,-2.335144043E-2,-5.688171387E-2,9.877958679E0,9.878150054E0
5.729095125E0,-1.571731567E-2,-5.718109131E-2,9.881850586E0,9.882028522E0
5.739163125E0,-2.679428101E-2,-5.733078003E-2,9.890831909E0,9.891034355E0
5.749231125E0,-1.841171265E-2,-4.984634399E-2,9.897867279E0,9.898009917E0
5.759299125E0,-2.395019531E-2,-5.478607178E-2,9.896220703E0,9.896401332E0
5.769367125E0,-3.338058472E-2,-6.047424316E-2,9.900861053E0,9.901102009E0
5.779435125E0,-2.634521484E-2,-4.969665527E-2,9.890831909E0,9.890991845E0
5.789503125E0,-2.365081787E-2,-6.122268677E-2,9.901759186E0,9.901976699E0
5.799571125E0,-1.466949463E-2,-5.957611084E-2,9.899663544E0,9.899853675E0
5.809639125E0,-2.260299683E-2,-4.805007935E-2,9.886341248E0,9.886483853E0
5.819707125E0,-1.676513672E-2,-5.149291992E-2,9.899214478E0,9.899362599E0
5.829775125E0,-1.960922241E-2,-4.834945679E-2,9.877359924E0,9.877497723E0
5.839843125E0,-2.050735474E-2,-6.002517700E-2,9.888287201E0,9.888490650E0
5.849911125E0,-1.362167358E-2,-6.212081909E-2,9.883497162E0,9.883701771E0
5.859979125E0,-2.215393066E-2,-5.523513794E-2,9.886790314E0,9.886969426E0
5.870047125E0,-3.338058472E-2,-5.523513794E-2,9.899962921E0,9.900173283E0
5.880115125E0,-2.110610962E-2,-6.062393188E-2,9.891131287E0,9.891339589E0
5.890183125E0,-1.586700439E-2,-6.885681152E-2,9.890083466E0,9.890335888E0
5.900251125E0,-1.916015625E-2,-5.852828979E-2,9.887987823E0,9.888179603E0
5.910319125E0,-1.676513672E-2,-5.598358154E-2,9.892029419E0,9.892202043E0
5.920387125E0,-3.652404785E-2,-5.284011841E-2,9.889335022E0,9.889543633E0
5.930455125E0,-2.395019531E-2,-5.403762817E-2,9.898615723E0,9.898792194E0
5.940523125E0,-2.275268555E-2,-5.882766724E-2,9.898765411E0,9.898966363E0
5.950591125E0,-2.380050659E-2,-5.254074097E-2,9.886940002E0,9.887108253E0
5.960659125E0,-2.469863892E-2,-6.271957397E-2,9.893077240E0,9.893306881E0
5.970727125E0,-2.814147949E-2,-5.313949585E-2,9.887987823E0,9.888170657E0
5.980795125E0,-1.601669312E-2,-5.463638306E-2,9.883347473E0,9.883511468E0
5.990863125E0,-1.751358032E-2,-5.403762817E-2,9.885443115E0,9.885606323E0
6.000931125E0,-2.320175171E-2,-5.703140259E-2,9.884544983E0,9.884736740E0
6.010999125E0,-2.185455322E-2,-5.882766724E-2,9.881102142E0,9.881301426E0
6.021067125E0,-1.766326904E-2,-5.313949585E-2,9.895621948E0,9.895780391E0
6.031135125E0,-1.706451416E-2,-6.002517700E-2,9.885742493E0,9.885939452E0
6.041203125E0,-2.814147949E-2,-5.748046875E-2,9.892478485E0,9.892685506E0
6.051271125E0,-2.380050659E-2,-5.358856201E-2,9.886790314E0,9.886964191E0
6.061339125E0,-2.604583740E-2,-5.718109131E-2,9.881401520E0,9.881601290E0
6.071407125E0,-1.751358032E-2,-5.852828979E-2,9.891879730E0,9.892068382E0
6.081475125E0,-2.769241333E-2,-5.613327026E-2,9.890682220E0,9.890880274E0
6.091543125E0,-2.185455322E-2,-4.894821167E-2,9.888736267E0,9.888881560E0
6.101611125E0,-2.544708252E-2,-5.703140259E-2,9.894873505E0,9.895070581E0
6.111679125E0,-2.245330811E-2,-6.451583862E-2,9.896370392E0,9.896606154E0
6.121747125E0,-1.511856079E-2,-5.763015747E-2,9.878407745E0,9.878587419E0
6.131815125E0,-1.796264648E-2,-5.867797852E-2,9.889185333E0,9.889375729E0
6.141883125E0,-1.302291870E-2,-6.002517700E-2,9.889933777E0,9.890124505E0
6.151951125E0,-1.706451416E-2,-5.837860107E-2,9.896520081E0,9.896706976E0
6.162019125E0,-1.796264648E-2,-5.688171387E-2,9.892179108E0,9.892358954E0
6.172087125E0,-1.901046753E-2,-5.418731689E-2,9.883796539E0,9.883963360E0
6.182155125E0,-2.065704346E-2,-5.224136353E-2,9.890831909E0,9.890991443E0
6.192223125E0,-2.110610962E-2,-5.748046875E-2,9.890682220E0,9.890871764E0
6.202291125E0,-3.757186890E-2,-5.298980713E-2,9.889784088E0,9.889997415E0
6.212359125E0,-4.026626587E-2,-5.313949585E-2,9.903256073E0,9.903480501E0
6.222427125E0,-3.697311401E-2,-5.718109131E-2,9.896220703E0,9.896454966E0
6.232495125E0,-3.547622681E-2,-6.466552734E-2,9.890382843E0,9.890657864E0
6.242564125E0,-2.664459229E-2,-5.733078003E-2,9.889933777E0,9.890135836E0
6.252632125E0,-2.469863892E-2,-5.269042969E-2,9.891430664E0,9.891601836E0
6.262700125E0,-2.080673218E-2,-5.508544922E-2,9.898316345E0,9.898491491E0
6.272768125E0,-9.580078125E-3,-4.954696655E-2,9.889335022E0,9.889463780E0
6.282836125E0,-3.667373657E-2,-6.182144165E-2,9.902208252E0,9.902469143E0
6.292904125E0,-5.897735596E-2,-6.960525513E-2,9.880353699E0,9.880774890E0
6.302972125E0,-4.924758911E-2,-6.212081909E-2,9.892478485E0,9.892796111E0
6.313040125E0,-3.682342529E-2,-5.867797852E-2,9.897567902E0,9.897810335E0
6.323108125E0,-2.305206299E-2,-5.852828979E-2,9.886191559E0,9.886391682E0
6.333176125E0,-5.194198608E-2,-5.224136353E-2,9.898466034E0,9.898740170E0
6.343244125E0,-2.844085693E-3,-4.206253052E-2,9.881102142E0,9.881192079E0
6.353312125E0,4.340972900E-2,-4.969665527E-2,9.882898407E0,9.883118692E0
6.363380125E0,7.858657837E-2,-4.400848389E-2,9.853260040E0,9.853671702E0
6.373448125E0,7.304809570E-2,-5.104385376E-2,9.858798523E0,9.859201277E0
6.383516125E0,6.466552734E-2,-6.242019653E-2,9.862391052E0,9.862800575E0
6.393584125E0,3.847000122E-2,-6.286926270E-2,9.876761169E0,9.877036179E0
6.403652125E0,3.592529297E-3,-7.050338745E-2,9.874815216E0,9.875067553E0
6.413720125E0,-2.140548706E-2,-6.750961304E-2,9.884245605E0,9.884499326E0
6.423788125E0,-7.289840698E-2,-6.451583862E-2,9.896969147E0,9.897447891E0
6.433856125E0,-1.204994202E-1,-5.209167480E-2,9.920769653E0,9.921638180E0
6.443924125E0,-1.610650635E-1,-5.957611084E-2,9.930200043E0,9.931684860E0
6.453992125E0,-1.302291870E-1,-3.472778320E-2,9.921817474E0,9.922732872E0
6.464060125E0,-1.107696533E-1,-2.948867798E-2,9.925559692E0,9.926221572E0
6.474128125E0,-8.921447754E-2,-3.233276367E-2,9.921218719E0,9.921672516E0
6.484196125E0,-4.655319214E-2,-3.293151855E-2,9.910740509E0,9.910904556E0
6.494264125E0,5.837860107E-3,-6.182144165E-2,9.884844360E0,9.885039403E0
6.504332125E0,3.996688843E-2,-6.765930176E-2,9.861642609E0,9.861955692E0
6.514400125E0,5.239105225E-2,-7.334747314E-2,9.852361908E0,9.852774220E0
6.524468125E0,7.933502197E-2,-7.694000244E-2,9.859996033E0,9.860615375E0
6.534536125E0,7.783813477E-2,-8.247848511E-2,9.854158173E0,9.854810742E0
6.544604125E0,6.271957397E-2,-8.038284302E-2,9.851314087E0,9.851841675E0
6.554672125E0,2.963836670E-2,-6.840774536E-2,9.873318329E0,9.873599793E0
6.564740125E0,-4.640350342E-3,-6.242019653E-2,9.887538757E0,9.887736874E0
6.574808125E0,-6.301895142E-2,-6.451583862E-2,9.899214478E0,9.899625294E0
6.584876125E0,-1.062789917E-1,-6.586303711E-2,9.919721832E0,9.920509785E0
6.594944125E0,-1.300794983E-1,-6.361770630E-2,9.928852844E0,9.929908695E0
6.605012125E0,-1.399589539E-1,-6.556365967E-2,9.928553467E0,9.929756344E0
6.615080125E0,-1.249900818E-1,-6.750961304E-2,9.916428680E0,9.917446135E0
6.625148125E0,-7.439529419E-2,-5.478607178E-2,9.910890198E0,9.911320835E0
6.635216125E0,-1.916015625E-2,-4.191284180E-2,9.888586578E0,9.888693964E0
6.645284125E0,2.020797729E-2,-4.011657715E-2,9.870923309E0,9.871025513E0
6.655352125E0,6.915618896E-2,-3.382965088E-2,9.867480469E0,9.867780795E0
6.665420125E0,9.699829102E-2,-3.951782227E-2,9.849368134E0,9.849925023E0
6.675488125E0,9.490264893E-2,-4.580474854E-2,9.858948212E0,9.859511369E0
6.685556125E0,6.706054688E-2,-5.927673340E-2,9.865833893E0,9.866239874E0
6.695624125E0,2.065704346E-2,-6.092330933E-2,9.871671753E0,9.871881359E0
6.705692125E0,-2.095642090E-2,-7.738906860E-2,9.886490936E0,9.886816033E0
6.715760125E0,-6.137237549E-2,-7.274871826E-2,9.902507629E0,9.902965025E0
6.725828125E0,-9.565109253E-2,-6.197113037E-2,9.912387085E0,9.913042281E0
6.735896125E0,-1.085243225E-1,-7.454498291E-2,9.916728058E0,9.917602021E0
6.745964125E0,-1.059796143E-1,-5.733078003E-2,9.924661560E0,9.925392968E0
6.756032125E0,-9.804611206E-2,-4.640350342E-2,9.914632416E0,9.915225780E0
6.766100125E0,-7.439529419E-2,-4.715194702E-2,9.906399536E0,9.906791092E0
6.776168125E0,-3.712280273E-2,-5.448669434E-2,9.916728058E0,9.916947226E0
6.786236125E0,-1.167572021E-2,-5.164260864E-2,9.892478485E0,9.892620172E0
6.796304125E0,1.676513672E-2,-4.760101318E-2,9.880054321E0,9.880183213E0
6.806372125E0,2.993774414E-2,-5.269042969E-2,9.874366150E0,9.874552112E0
6.816440125E0,6.436614990E-2,-5.134323120E-2,9.860594788E0,9.860938530E0
6.826508125E0,5.792953491E-2,-4.355941772E-2,9.875264282E0,9.875530259E0
6.836576125E0,5.553451538E-2,-4.056564331E-2,9.866432648E0,9.866672329E0
6.846644125E0,1.871109009E-2,-4.340972900E-2,9.887239380E0,9.887352379E0
6.856712125E0,-2.125579834E-2,-4.221221924E-2,9.893376617E0,9.893489504E0
6.866780125E0,-5.463638306E-2,-5.673202515E-2,9.895621948E0,9.895935398E0
6.876847583E0,-9.879455566E-2,-7.259902954E-2,9.921069031E0,9.921826530E0
6.886915583E0,-1.134640503E-1,-7.649093628E-2,9.910441132E0,9.911385795E0
6.896983583E0,-1.204994202E-1,-7.723937988E-2,9.918973389E0,9.920006004E0
6.907051583E0,-9.131011963E-2,-8.741821289E-2,9.912387085E0,9.913193088E0
6.917119583E0,-7.559280396E-2,-7.200027466E-2,9.907746735E0,9.908296709E0
6.927187583E0,-3.367996216E-2,-6.960525513E-2,9.889335022E0,9.889637324E0
6.937256583E0,1.302291870E-2,-6.406677246E-2,9.884994049E0,9.885210240E0
6.947324583E0,5.149291992E-2,-5.523513794E-2,9.879754944E0,9.880043532E0
6.957392583E0,6.047424316E-2,-4.894821167E-2,9.867330780E0,9.867637498E0
6.967460583E0,6.436614990E-2,-4.116439819E-2,9.857451324E0,9.857747416E0
6.977528583E0,4.146377563E-2,-3.921844482E-2,9.869875488E0,9.870040501E0
6.987596583E0,2.454895020E-2,-3.637435913E-2,9.796677704E0,9.796775989E0
6.997664583E0,-9.580078125E-3,-5.239105225E-2,1.007105713E1,1.007119796E1
7.007732583E0,-1.451980591E-2,-8.831634521E-2,9.758956146E0,9.759366561E0
7.017800583E0,-3.353027344E-2,4.191284180E-3,9.990674286E0,9.990731431E0
7.027868583E0,-8.098159790E-2,-8.187973022E-2,9.871671753E0,9.872343466E0
7.037936583E0,-4.236190796E-2,-1.257385254E-2,9.891430664E0,9.891529367E0
7.048004583E0,-9.565109253E-2,-6.212081909E-2,9.946965179E0,9.947619032E0
7.058072583E0,-8.562194824E-2,-6.646179199E-2,9.896520081E0,9.897113619E0
7.068140583E0,-1.243913269E-1,-8.307723999E-2,9.928104401E0,9.929231190E0
7.078208583E0,-1.113684082E-1,-9.774673462E-2,9.912087708E0,9.913195250E0
7.088276583E0,-1.103205872E-1,-9.086105347E-2,9.906249847E0,9.907280777E0
7.098344583E0,-9.265731812E-2,-9.355545044E-2,9.923913116E0,9.924786625E0
7.108412583E0,1.751358032E-2,-5.089416504E-2,9.892179108E0,9.892325532E0
7.118480583E0,5.927673340E-2,-5.239105225E-2,9.844877472E0,9.845195325E0
7.128548583E0,1.103205872E-1,-1.152603149E-2,9.879156189E0,9.879778868E0
7.138616583E0,1.158590698E-1,-3.562591553E-2,9.865534515E0,9.866279127E0
7.148684583E0,9.490264893E-2,-3.607498169E-2,9.840835876E0,9.841359594E0
7.158752583E0,3.128494263E-2,-5.239105225E-2,9.880054321E0,9.880242758E0
7.168820583E0,-1.975891113E-2,-7.274871826E-2,9.880952454E0,9.881240012E0
7.178888583E0,-5.313949585E-2,-6.092330933E-2,9.915829926E0,9.916159467E0
7.188956583E0,-7.768844604E-2,-6.047424316E-2,9.891879730E0,9.892369647E0
7.199024583E0,-6.721023560E-2,-4.625381470E-2,9.910141754E0,9.910477598E0
7.209092583E0,-6.481521606E-2,-4.415817261E-2,9.921967163E0,9.922277125E0
7.219160583E0,-4.281097412E-2,-3.323089600E-2,9.900411987E0,9.900560317E0
7.229228583E0,-5.777984619E-2,-4.430786133E-2,9.906698914E0,9.906966491E0
7.239296583E0,-5.553451538E-2,-5.538482666E-2,9.899214478E0,9.899525182E0
7.249364583E0,-4.595443726E-2,-7.993377686E-2,9.902507629E0,9.902936866E0
7.259432583E0,-5.448669434E-2,-9.774673462E-2,9.911788330E0,9.912420044E0
7.269500583E0,-4.400848389E-2,-1.026864624E-1,9.890682220E0,9.891313161E0
7.279568583E0,-1.092727661E-2,-1.055305481E-1,9.879305878E0,9.879875542E0
7.289636583E0,2.724334717E-2,-7.499404907E-2,9.860594788E0,9.860917598E0
7.299704583E0,6.586303711E-2,-4.206253052E-2,9.866432648E0,9.866742136E0
7.309772583E0,7.694000244E-2,-3.218307495E-2,9.860145721E0,9.860498424E0
7.319840583E0,5.673202515E-2,-2.245330811E-2,9.865833893E0,9.866022556E0
7.329908583E0,2.035766602E-2,-2.589614868E-2,9.875413971E0,9.875468907E0
7.339976583E0,-4.864883423E-2,-3.517684937E-2,9.896819458E0,9.897001541E0
7.350044583E0,-8.966354370E-2,-4.954696655E-2,9.911488953E0,9.912018347E0
7.360112583E0,-1.264869690E-1,-6.586303711E-2,9.918823700E0,9.919848814E0
7.370180583E0,-1.435514832E-1,-6.945556641E-2,9.924811249E0,9.926092354E0
7.380248583E0,-1.130149841E-1,-6.676116943E-2,9.905651093E0,9.906520732E0
7.390316583E0,-6.840774536E-2,-6.286926270E-2,9.906848602E0,9.907284259E0
7.400384583E0,-7.334747314E-3,-5.568420410E-2,9.892478485E0,9.892637925E0
7.410452583E0,2.694396973E-2,-5.044509888E-2,9.881850586E0,9.882016074E0
7.420520583E0,4.939727783E-2,-5.568420410E-2,9.867630157E0,9.867910911E0
7.430588583E0,4.296066284E-2,-7.574249268E-2,9.861792297E0,9.862176730E0
7.440656583E0,3.457809448E-2,-8.637039185E-2,9.866881714E0,9.867320317E0
7.450724583E0,2.245330811E-3,-9.220825195E-2,9.880054321E0,9.880484846E0
7.460792583E0,-2.140548706E-2,-8.876541138E-2,9.873917084E0,9.874339273E0
7.470860583E0,-3.263214111E-2,-7.694000244E-2,9.884544983E0,9.884898287E0
7.480928583E0,-2.350112915E-2,-5.987548828E-2,9.900112610E0,9.900321564E0
7.490996583E0,-3.547622681E-2,-2.305206299E-2,9.895172882E0,9.895263328E0
7.501064583E0,-4.550537109E-2,-1.407073975E-2,9.900411987E0,9.900526564E0
7.511132583E0,-4.864883423E-2,-1.556762695E-2,9.902657318E0,9.902789053E0
7.521200583E0,-6.227050781E-2,-2.484832764E-2,9.916877747E0,9.917104381E0
7.531268583E0,-5.882766724E-2,-4.700225830E-2,9.801767120E0,9.802056345E0
7.541336583E0,-3.457809448E-2,2.604583740E-2,9.997110901E0,9.997204629E0
7.551405583E0,-1.751358032E-1,-2.106120300E-1,9.987381134E0,9.991136667E0
7.561473583E0,9.879455566E-3,-5.927673340E-2,9.818232880E0,9.818416788E0
7.571541583E0,-4.790039063E-2,-8.951385498E-2,9.946965179E0,9.947483273E0
7.581609583E0,4.954696655E-2,-9.834548950E-2,9.849817200E0,9.850432762E0
7.591677583E0,8.472381592E-2,-4.819976807E-2,9.839039612E0,9.839522439E0
7.601745583E0,9.684860229E-2,-4.505630493E-2,9.852960663E0,9.853539646E0
7.611813583E0,4.326004028E-2,-6.795867920E-2,9.873168640E0,9.873497294E0
7.621881583E0,-2.544708252E-2,-7.664062500E-2,9.941127319E0,9.941455312E0
7.631949583E0,-9.340576172E-2,-7.499404907E-2,9.948312378E0,9.949033517E0
7.642017583E0,-1.139131165E-1,-8.547225952E-2,9.852960663E0,9.853989828E0